Id,FirstName,LastName,Email,Phone
003WU00000F2f3jYAB,Rose,Gonzalez,rose@edge.com,(512) 757-6000
003WU00000F2f3kYAB,Sean,Forbes,sean@edge.com,(512) 757-6000
003WU00000F2f3lYAB,Jack,Rogers,jrogers@burlington.com,(336) 222-7000
003WU00000F2f3mYAB,Pat,Stumuller,pat@pyramid.net,(014) 427-4427
003WU00000F2f3nYAB,Andy,Young,a_young@dickenson.com,(785) 241-6200
003WU00000F2f3oYAB,Tim,Barr,barr_tim@grandhotels.com,(312) 596-1000
003WU00000F2f3pYAB,John,Bond,bond_john@grandhotels.com,(312) 596-1000
003WU00000F2f3qYAB,Stella,Pavlova,spavlova@uog.com,(212) 842-5500
003WU00000F2f3rYAB,Lauren,Boyle,lboyle@uog.com,(212) 842-5500
003WU00000F2f3sYAB,Babara,Levy,b.levy@expressl&t.net,(503) 421-7800
003WU00000F2f3tYAB,Josh,Davis,j.davis@expressl&t.net,(503) 421-7800
003WU00000F2f3uYAB,Jane,Grey,jane_gray@uoa.edu,(520) 773-9050
003WU00000F2f3vYAB,Arthur,Song,asong@uog.com,(212) 842-5500
003WU00000F2f3wYAB,Ashley,James,ajames@uog.com,+44 191 4956203
003WU00000F2f3xYAB,Tom,Ripley,tripley@uog.com,(650) 450-8810
003WU00000F2f3yYAB,Liz,D'Cruz,ldcruz@uog.com,(650) 450-8810
003WU00000F2f3zYAB,Edna,Frank,efrank@genepoint.com,(650) 867-3450
003WU00000F2f40YAB,Avi,Green,agreen@uog.com,(212) 842-5500
003WU00000F2f41YAB,Siddartha,Nedaerk,,
003WU00000F2f42YAB,Jake,Llorrac,,
